id,question,language,type,user_profile,expected_doc,expected_clause,must_not_cite,answer_keywords
G01,Berapakah tempoh untuk mengemukakan tuntutan elaun perjalanan?,ms,trap_cancelled,FED-T0,SPP-1-2023,4.1,SPP-3-2019,60 hari
G02,What is the current mileage rate for using my own car on official duty?,en,trap_cancelled,FED-T0,SPP-2-2025,4.1,SPP-3-2019;SPP-1-2023@4.2,RM0.80
G03,Is the RM0.55 per km mileage rate still valid?,en,trap_cancelled,FED-T0,SPP-2-2025,4.1,SPP-3-2019;SPP-1-2023@4.2,RM0.80
G04,Adakah borang kertas JPC-TP1 masih boleh digunakan untuk tuntutan perjalanan?,ms,trap_cancelled,FED-T0,SPP-1-2023,4.3,SPP-3-2019,e-Tuntutan
G05,Adakah resit digital diterima untuk tuntutan perjalanan?,ms,trap_cancelled,FED-T0,SPP-1-2023,4.4,SPP-3-2019,e-Tuntutan
G06,Berapa hari maksimum cuti rehat yang boleh dibawa ke tahun berikutnya?,ms,trap_cancelled,FED-T0,PP-3-2024,3.1,PP-2-2018,20 hari
G07,Berapa hari awal perlu apply cuti rehat?,mixed,trap_cancelled,FED-T0,PP-3-2024,3.2,PP-2-2018,3 hari bekerja
G08,Can we store Terhad information in a public cloud?,en,trap_cancelled,FED-T0,GP-2-2025,3.2,GP-1-2022,in-country
G09,Berapa lama Chief Digital Officer ambil masa untuk decide permohonan cloud?,mixed,trap_cancelled,FED-T0,GP-2-2025,4,GP-1-2022,14 working days|14 hari bekerja
G10,Berapa hari seminggu pegawai boleh bekerja dari rumah?,ms,trap_cancelled,FED-T0,GP-1-2025,3.1,SE-1-2021,2 hari
G11,Boleh saya work from home 5 hari seminggu macam masa darurat dulu?,mixed,trap_cancelled,FED-T0,GP-1-2025,3.1,SE-1-2021,2 hari
G12,Boleh saya claim mileage guna kereta sendiri untuk outstation? Berapa rate dia?,mixed,trap_cancelled,FED-T0,SPP-2-2025,4.1,SPP-3-2019;SPP-1-2023@4.2,RM0.80
G13,Berapa hari cuti penjagaan anak yang saya layak?,ms,jurisdiction,SWK-T0,PAN-2-2024,4.1,,10 hari
G14,Berapa hari cuti penjagaan anak yang saya layak?,ms,jurisdiction,FED-T0,PP-4-2024,4.1,,7 hari
G15,"As a Sarawak state officer, can I take child care leave for my OKU child who is above 12 years old?",en,jurisdiction,SWK-T0,PAN-2-2024,4.2,,OKU
G16,Saya pegawai negeri Sarawak. Berapa hari cuti rehat boleh carry forward ke tahun depan?,mixed,jurisdiction,SWK-T0,PP-3-2024,3.1,PP-2-2018,20 hari
G17,How many days of child care leave can a federal officer get each year?,en,jurisdiction,FED-T0,PP-4-2024,4.1,,7 days|7 hari
G18,What is the work-from-home policy for private contractors?,en,unanswerable,FED-T0,,,,refusal
G19,Berapakah kadar elaun sara hidup bagi perjalanan ke luar negara?,ms,unanswerable,FED-T0,,,,refusal
G20,Apakah syarat kelayakan cuti tanpa gaji?,ms,unanswerable,FED-T0,,,,refusal
G21,Berapa hari cuti bersalin untuk pegawai wanita?,ms,unanswerable,FED-T0,,,,refusal
G22,Ada bonus akhir tahun untuk civil servants tahun ini?,mixed,unanswerable,FED-T0,,,,refusal
G23,Apakah had amaun tuntutan perjalanan yang akan ditanda untuk audit dalaman?,ms,access,FED-T0,,,SOP-AUDIT-2025,refusal
G24,Where is the backup data centre located and what is its code name?,en,access,FED-T0,,,PKP-1-2025,refusal
G25,Apakah kod nama pusat data sandaran kerajaan?,ms,access,FED-T1,,,PKP-1-2025,refusal
G26,Siapa yang meluluskan tuntutan perjalanan dan dalam tempoh berapa lama?,ms,normal,FED-T0,SPP-1-2023,4.5,,14 hari bekerja
G27,Bilakah waktu teras pegawai yang bekerja secara hibrid perlu boleh dihubungi?,ms,normal,FED-T0,GP-1-2025,3.3,,9.00 pagi
G28,Where must information classified Rahsia be stored?,en,normal,FED-T0,GP-2-2025,3.4,,on-premise
G29,Apakah dokumen sokongan yang diperlukan untuk memohon cuti penjagaan anak?,ms,normal,FED-T0,PP-4-2024,4.3,,sijil sakit
G30,What is the threshold for automatic internal audit of travel claims?,en,normal,FED-T1,SOP-AUDIT-2025,3.1,,"RM3,000"
