doc_id,title,doc_type,issuer,number,date_issued,language,status,supersedes,superseded_by,file,source_url,summary,tags
PK-2021-03,Pekeliling Perkhidmatan Bil. 3 Tahun 2021 - Tuntutan Elaun Perjalanan Dalam Negeri,circular,"Bahagian Pengurusan Sumber Manusia, Kerajaan Negeri Contoh",Bil. 3/2021,2021-06-15,ms,superseded,,PK-2024-01,documents/PK-2021-03.md,,"FICTIONAL. Domestic travel claims: submit within 30 days, mileage RM0.55/km, paper forms with original receipts, approved by Head of Department.",travel-claims;allowance;finance
PK-2024-01,Pekeliling Perkhidmatan Bil. 1 Tahun 2024 - Tuntutan Elaun Perjalanan Dalam Negeri (Pindaan),circular,"Bahagian Pengurusan Sumber Manusia, Kerajaan Negeri Contoh",Bil. 1/2024,2024-02-15,ms,in_force,PK-2021-03,,documents/PK-2024-01.md,,"FICTIONAL. Cancels Bil. 3/2021 from 1 March 2024: claims within 60 days, mileage RM0.70/km, e-Tuntutan system mandatory, digital receipts accepted.",travel-claims;allowance;finance;e-claim
GP-2022-CLOUD,Guideline on the Use of Cloud Services 2022,guideline,"Pejabat Ketua Pegawai Maklumat (CIO), Kerajaan Negeri Contoh",GP-ICT 1/2022,2022-03-01,en,superseded,,GP-2025-CLOUD,documents/GP-2022-CLOUD.md,,FICTIONAL. All official data must stay on-premise in the State Data Centre; public cloud only for Public information.,cloud;ict;data-classification
GP-2025-CLOUD,Cloud-First Guideline 2025,guideline,"Pejabat Ketua Pegawai Maklumat (CIO), Kerajaan Negeri Contoh",GP-ICT 2/2025,2025-01-15,en,in_force,GP-2022-CLOUD,,documents/GP-2025-CLOUD.md,,FICTIONAL. Supersedes the 2022 cloud guideline: Internal and Confidential data may use approved in-country cloud regions with CIO approval within 14 working days; Secret data stays on-premise.,cloud;ict;data-classification
SOP-WFH-2023,SOP Bekerja Dari Rumah 2023,sop,"Bahagian Pengurusan Sumber Manusia, Kerajaan Negeri Contoh",SOP-HR 2/2023,2023-08-01,ms,in_force,,,documents/SOP-WFH-2023.md,,"FICTIONAL. Work from home up to 2 days per week, approved by Head of Unit, apply 3 working days ahead.",remote-work;hr
POL-HYBRID-2025,Hybrid Work Policy 2025,policy,"Bahagian Pengurusan Sumber Manusia, Kerajaan Negeri Contoh",DASAR-HR 1/2025,2025-03-03,en,in_force,,,documents/POL-HYBRID-2025.md,,"FICTIONAL. Remote work up to 3 days per week, approved by Head of Department, reviewed every 6 months.",remote-work;hr
GP-2024-DATA,Garis Panduan Perkongsian Data Antara Agensi 2024,guideline,"Unit Transformasi Digital, Kerajaan Negeri Contoh",GP-DATA 2/2024,2024-10-10,ms,in_force,,,documents/GP-2024-DATA.md,,"FICTIONAL. Inter-agency data sharing: application form, decision within 10 working days, anonymise personal data, data sharing agreement.",data-sharing;ict;personal-data
MINIT-2025-04,Minit Mesyuarat Jawatankuasa Pendigitalan Negeri Bil. 4/2025,minutes,"Jawatankuasa Pendigitalan Negeri, Kerajaan Negeri Contoh",Bil. 4/2025,2025-04-17,ms,record,,,documents/MINIT-2025-04.md,,FICTIONAL. Decided to adopt the Cloud-First Guideline 2025 and to review the WFH SOP 2023 to align with the Hybrid Work Policy 2025.,meeting;digitalisation-committee
MINIT-2025-05,Minutes of the State Digitalisation Committee Meeting No. 5/2025,minutes,"Jawatankuasa Pendigitalan Negeri, Kerajaan Negeri Contoh",No. 5/2025,2025-06-12,mixed,record,,,documents/MINIT-2025-05.md,,"FICTIONAL. Follow-up on hybrid work SOP, inter-agency data sharing pilot and e-claim adoption, with action owners and dates.",meeting;digitalisation-committee
RPT-2024-DIGITAL,Laporan Tahunan Pendigitalan 2024 (Ringkasan),report,"Unit Transformasi Digital, Kerajaan Negeri Contoh",,2024-12-20,mixed,record,,,documents/RPT-2024-DIGITAL.md,,FICTIONAL. Summary of 2024 digitalisation work and challenges; all figures are illustrative placeholders.,report;digitalisation
