doc_id,circular_no,series,title,issuer,doc_type,jurisdiction,cluster,issue_date,effective_date,expiry_date,one_off,classification_level,language,applicability,source_url,file
SPP-3-2019,SPP 3/2019,SPP,Tuntutan Elaun Perjalanan Dalam Negeri,Jabatan Perkhidmatan Contoh (Sintetik),circular,FEDERAL,travel-claims,2019-05-15,2019-06-01,,false,0,ms,,,documents/SPP-3-2019.md
SPP-1-2023,SPP 1/2023,SPP,Tuntutan Elaun Perjalanan Dalam Negeri dan Pelaksanaan Sistem e-Tuntutan,Jabatan Perkhidmatan Contoh (Sintetik),circular,FEDERAL,travel-claims,2023-02-15,2023-03-01,,false,0,ms,,,documents/SPP-1-2023.md
SPP-2-2025,SPP 2/2025,SPP,Pindaan Kadar Elaun Perbatuan bagi Tuntutan Perjalanan Dalam Negeri,Jabatan Perkhidmatan Contoh (Sintetik),circular,FEDERAL,travel-claims,2025-06-10,2025-07-01,,false,0,ms,,,documents/SPP-2-2025.md
PP-4-2024,PP 4/2024,PP,Cuti Penjagaan Anak bagi Pegawai Perkhidmatan Awam Persekutuan,Jabatan Perkhidmatan Contoh (Sintetik),circular,FEDERAL,leave,2024-06-03,2024-07-01,,false,0,ms,,,documents/PP-4-2024.md
PAN-2-2024,PAN 2/2024,STATE,Cuti Penjagaan Anak bagi Perkhidmatan Awam Negeri Sarawak,Unit Sumber Manusia Negeri Sarawak Contoh (Sintetik),circular,SARAWAK,leave,2024-08-12,2024-09-01,,false,0,ms,,,documents/PAN-2-2024.md
PP-2-2018,PP 2/2018,PP,Cuti Rehat dan Pengumpulan Cuti Rehat,Jabatan Perkhidmatan Contoh (Sintetik),circular,FEDERAL,leave,2018-04-02,2018-05-01,,false,0,ms,,,documents/PP-2-2018.md
PP-3-2024,PP 3/2024,PP,"Cuti Rehat, Pengumpulan Cuti Rehat dan Permohonan Melalui HRMIS",Jabatan Perkhidmatan Contoh (Sintetik),circular,FEDERAL_SARAWAK,leave,2024-01-05,2024-02-01,,false,0,ms,,,documents/PP-3-2024.md
SE-1-2021,SE 1/2021,SE,Arahan Bekerja Dari Rumah Sementara dalam Tempoh Darurat,Jabatan Perkhidmatan Contoh (Sintetik),circular,FEDERAL,flexible-work,2021-01-12,2021-01-13,2021-12-31,true,0,ms,,,documents/SE-1-2021.md
GP-1-2025,GP 1/2025,OTHER,Garis Panduan Bekerja Secara Hibrid dalam Perkhidmatan Awam,Jabatan Perkhidmatan Contoh (Sintetik),guideline,FEDERAL,flexible-work,2025-02-20,2025-03-01,,false,0,ms,,,documents/GP-1-2025.md
GP-1-2022,GP 1/2022,OTHER,Guideline on the Use of Public Cloud Services 2022,Pejabat Ketua Pegawai Digital Contoh (Sintetik),guideline,FEDERAL,ict-data,2022-03-10,2022-04-01,,false,0,en,,,documents/GP-1-2022.md
GP-2-2025,GP 2/2025,OTHER,Cloud-First Guideline 2025,Pejabat Ketua Pegawai Digital Contoh (Sintetik),guideline,FEDERAL,ict-data,2025-01-15,2025-02-01,,false,0,en,,,documents/GP-2-2025.md
SOP-AUDIT-2025,SOP 1/2025,OTHER,Prosedur Dalaman Audit Tuntutan Perjalanan (TERHAD),Unit Integriti Jabatan Perkhidmatan Contoh (Sintetik),sop,FEDERAL,travel-claims,2025-03-05,2025-04-01,,false,1,ms,,,documents/SOP-AUDIT-2025.md
PKP-1-2025,PKP 1/2025,OTHER,Pelan Kesinambungan Perkhidmatan Pusat Data Kerajaan (SULIT),Pejabat Ketua Pegawai Digital Contoh (Sintetik),sop,FEDERAL,ict-data,2025-05-20,2025-06-01,,false,2,ms,,,documents/PKP-1-2025.md
MINIT-3-2025,MINIT 3/2025,OTHER,Minit Mesyuarat Jawatankuasa Pengurusan Sumber Manusia Contoh Bil. 3/2025,Urus Setia Jawatankuasa Pengurusan Sumber Manusia Contoh (Sintetik),minutes,FEDERAL,governance,2025-08-20,2025-08-20,,false,0,ms,,,documents/MINIT-3-2025.md
