relation_id,source_doc_id,target_doc_id,target_ref_text,relation_type,scope,effective_date,evidence_text,evidence_page,confidence,verified
R001,SPP-1-2023,SPP-3-2019,Surat Pekeliling Perkhidmatan Bilangan 3 Tahun 2019,CANCELS,whole,2023-03-01,"Dengan berkuat kuasanya Surat Pekeliling Perkhidmatan ini, Surat Pekeliling Perkhidmatan Bilangan 3 Tahun 2019 adalah dibatalkan.",7,1.0,true
R002,SPP-2-2025,SPP-1-2023,Surat Pekeliling Perkhidmatan Bilangan 1 Tahun 2023,AMENDS,clauses: 4.2,2025-07-01,Perenggan 4.2 Surat Pekeliling Perkhidmatan Bilangan 1 Tahun 2023 dipinda seperti berikut:,5,1.0,true
R003,PP-3-2024,PP-2-2018,Pekeliling Perkhidmatan Bilangan 2 Tahun 2018,SUPERSEDES,whole,2024-02-01,Pekeliling Perkhidmatan ini menggantikan Pekeliling Perkhidmatan Bilangan 2 Tahun 2018 yang tidak lagi terpakai mulai tarikh kuat kuasa Pekeliling ini.,6,1.0,true
R004,GP-2-2025,GP-1-2022,Garis Panduan Bil. 1/2022,SUPERSEDES,whole,2025-02-01,"This guideline supersedes the Guideline on the Use of Public Cloud Services, Garis Panduan Bil. 1/2022, with effect from 1 February 2025.",6,1.0,true
R005,SOP-AUDIT-2025,SPP-1-2023,Surat Pekeliling Perkhidmatan Bilangan 1 Tahun 2023,REFERENCES,whole,2025-04-01,Prosedur ini dibaca bersama Surat Pekeliling Perkhidmatan Bilangan 1 Tahun 2023.,3,1.0,true
R006,PKP-1-2025,GP-2-2025,Garis Panduan Bil. 2/2025,REFERENCES,whole,2025-06-01,Pelan ini terpakai kepada pasukan operasi pusat data sahaja dan dibaca bersama Garis Panduan Bil. 2/2025.,3,1.0,true
R007,PAN-2-2024,PP-4-2024,Pekeliling Perkhidmatan Bilangan 4 Tahun 2024,REFERENCES,whole,2024-09-01,Kerajaan Negeri telah mengambil kira Pekeliling Perkhidmatan Bilangan 4 Tahun 2024 Persekutuan dan memutuskan untuk memberikan kelayakan yang lebih baik kepada pegawai negeri.,3,1.0,true
R008,MINIT-3-2025,SPP-1-2023,SPP 1/2023,REFERENCES,whole,2025-08-20,Keputusan: Mesyuarat bersetuju semua bahagian mematuhi tempoh tuntutan 60 hari dalam SPP 1/2023 dan kadar elaun perbatuan RM0.80 sekilometer dalam SPP 2/2025.,3,1.0,true
R009,MINIT-3-2025,SPP-2-2025,SPP 2/2025,REFERENCES,whole,2025-08-20,Keputusan: Mesyuarat bersetuju semua bahagian mematuhi tempoh tuntutan 60 hari dalam SPP 1/2023 dan kadar elaun perbatuan RM0.80 sekilometer dalam SPP 2/2025.,3,1.0,true
