file,circular_no,series,title,issuer,doc_type,jurisdiction,cluster,issue_date,effective_date,expiry_date,one_off,classification_level,language,applicability,source_url
PP-3-2018.pdf,PP 3/2018,PP,,,circular,FEDERAL,cuti,2018-03-15,2018-04-01,,0,0,ms,,SINTETIK - contoh sahaja
PP-2-2024.pdf,PP 2/2024,PP,,,circular,FEDERAL,cuti,2024-01-15,2024-02-01,,0,0,ms,,SINTETIK - contoh sahaja
PP-5-2025.pdf,PP 5/2025,PP,,,circular,FEDERAL,cuti,2025-06-10,2025-07-01,,0,0,ms,,SINTETIK - contoh sahaja
PAS-4-2023.pdf,PAS 4/2023,STATE,,,circular,SARAWAK,cuti,2023-06-20,2023-07-01,,0,0,ms,,SINTETIK - contoh sahaja
SOP-SM-1-2024.pdf,SOP-SM 1/2024,OTHER,,,sop,FEDERAL,cuti,2024-03-01,2024-03-01,,0,0,ms,,SINTETIK - contoh sahaja
MMPJ-2-2026.pdf,MMPJ 2/2026,OTHER,,,minutes,FEDERAL,cuti,2026-03-12,,,0,0,ms,,SINTETIK - contoh sahaja
MJKK-1-2026.pdf,MJKK 1/2026,OTHER,,,minutes,FEDERAL,elaun,2026-01-20,,,0,0,ms,,SINTETIK - contoh sahaja
PP-1-2025.pdf,PP 1/2025,PP,,,circular,FEDERAL,elaun,2025-01-02,2025-02-01,,0,0,ms,,SINTETIK - contoh sahaja
GP-1-2026-TERHAD.pdf,GP 1/2026,OTHER,Pengendalian Fail Terhad (SINTETIK),,guideline,FEDERAL,keselamatan,2026-03-02,2026-03-02,,0,1,ms,,SINTETIK - contoh sahaja
PP-3-2026.pdf,PP 3/2026,PP,,,circular,FEDERAL,elaun,2026-10-01,2026-10-01,,0,0,ms,,SINTETIK - contoh sahaja
